County,Date,Infections,Row_Num
Brazil,2020-02-26,1,1
Brazil,2020-02-27,1,2
Brazil,2020-02-28,1,3
Brazil,2020-02-29,2,4
Brazil,2020-03-01,2,5
Brazil,2020-03-02,2,6
Brazil,2020-03-03,2,7
Brazil,2020-03-04,4,8
Brazil,2020-03-05,4,9
Brazil,2020-03-06,13,10
Brazil,2020-03-07,13,11
Brazil,2020-03-08,20,12
Brazil,2020-03-09,25,13
Brazil,2020-03-10,31,14
Brazil,2020-03-11,38,15
Brazil,2020-03-12,52,16
Brazil,2020-03-13,151,17
Brazil,2020-03-14,151,18
Brazil,2020-03-15,162,19
Brazil,2020-03-16,200,20
Brazil,2020-03-17,321,21
Brazil,2020-03-18,372,22
Brazil,2020-03-19,621,23
Brazil,2020-03-20,793,24
Brazil,2020-03-21,1021,25
Brazil,2020-03-22,1546,26
Brazil,2020-03-23,1924,27
Brazil,2020-03-24,2247,28
Brazil,2020-03-25,2554,29
Brazil,2020-03-26,2985,30
Brazil,2020-03-27,3417,31
Brazil,2020-03-28,3904,32
Brazil,2020-03-29,4256,33
Brazil,2020-03-30,4579,34
Brazil,2020-03-31,5717,35
Brazil,2020-04-01,6836,36
Brazil,2020-04-02,8044,37
Brazil,2020-04-03,9056,38
Brazil,2020-04-04,10360,39
Brazil,2020-04-05,11130,40
Brazil,2020-04-06,12161,41
Brazil,2020-04-07,14034,42
Brazil,2020-04-08,16170,43
Brazil,2020-04-09,18092,44
Brazil,2020-04-10,19638,45
Brazil,2020-04-11,20727,46
Brazil,2020-04-12,22192,47
Brazil,2020-04-13,23430,48
Brazil,2020-04-14,25262,49
Brazil,2020-04-15,28320,50
Brazil,2020-04-16,30425,51
Brazil,2020-04-17,33682,52
Brazil,2020-04-18,36658,53
Brazil,2020-04-19,38654,54
Brazil,2020-04-20,40743,55
Brazil,2020-04-21,43079,56
Brazil,2020-04-22,45757,57
Brazil,2020-04-23,50036,58
Brazil,2020-04-24,54043,59
Brazil,2020-04-25,59324,60
Brazil,2020-04-26,63100,61
Brazil,2020-04-27,67446,62
Brazil,2020-04-28,73235,63
Brazil,2020-04-29,79685,64
Brazil,2020-04-30,87187,65
Brazil,2020-05-01,92202,66
Brazil,2020-05-02,97100,67
Brazil,2020-05-03,101826,68
Brazil,2020-05-04,108620,69
Brazil,2020-05-05,115455,70
Brazil,2020-05-06,126611,71
Brazil,2020-05-07,135773,72
Brazil,2020-05-08,146894,73
Brazil,2020-05-09,156061,74
Brazil,2020-05-10,162699,75
Brazil,2020-05-11,169594,76
Brazil,2020-05-12,178214,77
Brazil,2020-05-13,190137,78
Brazil,2020-05-14,203165,79
Brazil,2020-05-15,220291,80
Brazil,2020-05-16,233511,81
Brazil,2020-05-17,241080,82
Brazil,2020-05-18,255368,83
Brazil,2020-05-19,271885,84
Brazil,2020-05-20,291579,85
Brazil,2020-05-21,310087,86
Brazil,2020-05-22,330890,87
Brazil,2020-05-23,347398,88
Brazil,2020-05-24,363211,89
Brazil,2020-05-25,374898,90
Brazil,2020-05-26,391222,91
Brazil,2020-05-27,411821,92
Brazil,2020-05-28,438238,93
Brazil,2020-05-29,465166,94
Brazil,2020-05-30,498440,95
Brazil,2020-05-31,514849,96
Brazil,2020-06-01,526447,97
Brazil,2020-06-02,555383,98
Brazil,2020-06-03,584016,99
Brazil,2020-06-04,614941,100
Brazil,2020-06-05,645771,101
Brazil,2020-06-06,672846,102
Brazil,2020-06-07,691758,103
Brazil,2020-06-08,707412,104
Brazil,2020-06-09,739503,105
Brazil,2020-06-10,772416,106
Brazil,2020-06-11,802828,107
Brazil,2020-06-12,828810,108
Brazil,2020-06-13,850514,109
Brazil,2020-06-14,867624,110
Brazil,2020-06-15,888271,111
Brazil,2020-06-16,923189,112
Brazil,2020-06-17,955377,113
Brazil,2020-06-18,978142,114
Brazil,2020-06-19,1032913,115
Brazil,2020-06-20,1067579,116
Brazil,2020-06-21,1083341,117
Brazil,2020-06-22,1106470,118
Brazil,2020-06-23,1145906,119
Brazil,2020-06-24,1188631,120
Brazil,2020-06-25,1228114,121
Brazil,2020-06-26,1274974,122
Brazil,2020-06-27,1313667,123
Brazil,2020-06-28,1344143,124
Brazil,2020-06-29,1368195,125
Brazil,2020-06-30,1402041,126
Brazil,2020-07-01,1448753,127
Brazil,2020-07-02,1496858,128
Brazil,2020-07-03,1539081,129
Brazil,2020-07-04,1577004,130
Brazil,2020-07-05,1603055,131
Brazil,2020-07-06,1623284,132
Brazil,2020-07-07,1668589,133
Brazil,2020-07-08,1713160,134
Brazil,2020-07-09,1755779,135
Brazil,2020-07-10,1800827,136
Brazil,2020-07-11,1839850,137
Brazil,2020-07-12,1864681,138
Brazil,2020-07-13,1884967,139
Brazil,2020-07-14,1926824,140
Brazil,2020-07-15,1966748,141
Brazil,2020-07-16,2012151,142
Brazil,2020-07-17,2046328,143
Brazil,2020-07-18,2074860,144
Brazil,2020-07-19,2098389,145
Brazil,2020-07-20,2118646,146
Brazil,2020-07-21,2159654,147
Brazil,2020-07-22,2227514,148
Brazil,2020-07-23,2287475,149
Brazil,2020-07-24,2343366,150
Brazil,2020-07-25,2394513,151
Brazil,2020-07-26,2419091,152
Brazil,2020-07-27,2442375,153
Brazil,2020-07-28,2483191,154
Brazil,2020-07-29,2552265,155
Brazil,2020-07-30,2610102,156
Brazil,2020-07-31,2662485,157
Brazil,2020-08-01,2707877,158
Brazil,2020-08-02,2733677,159
Brazil,2020-08-03,2750318,160
Brazil,2020-08-04,2801921,161
Brazil,2020-08-05,2859073,162
Brazil,2020-08-06,2912212,163
Brazil,2020-08-07,2962442,164
Brazil,2020-08-08,3012412,165
Brazil,2020-08-09,3035422,166
Brazil,2020-08-10,3057470,167
Brazil,2020-08-11,3109630,168
Brazil,2020-08-12,3164785,169
Brazil,2020-08-13,3224876,170
Brazil,2020-08-14,3275520,171
Brazil,2020-08-15,3317096,172
Brazil,2020-08-16,3340197,173
Brazil,2020-08-17,3359570,174
Brazil,2020-08-18,3407354,175
Brazil,2020-08-19,3456652,176
Brazil,2020-08-20,3501975,177
Brazil,2020-08-21,3532330,178
Brazil,2020-08-22,3582362,179
Brazil,2020-08-23,3605783,180
Brazil,2020-08-24,3622861,181
Brazil,2020-08-25,3669995,182
Brazil,2020-08-26,3717156,183
Brazil,2020-08-27,3761391,184
Brazil,2020-08-28,3804803,185
Brazil,2020-08-29,3846153,186
Brazil,2020-08-30,3862311,187
Brazil,2020-08-31,3908272,188
Brazil,2020-09-01,3950931,189
Brazil,2020-09-02,3997865,190
Brazil,2020-09-03,4041638,191
Brazil,2020-09-04,4091801,192
Brazil,2020-09-05,4123000,193
Brazil,2020-09-06,4137521,194
Brazil,2020-09-07,4147794,195
Brazil,2020-09-08,4162073,196
Brazil,2020-09-09,4197889,197
Brazil,2020-09-10,4238446,198
Brazil,2020-09-11,4282164,199
Brazil,2020-09-12,4315687,200
Brazil,2020-09-13,4330455,201
Brazil,2020-09-14,4345610,202
Brazil,2020-09-15,4382263,203
Brazil,2020-09-16,4419083,204
Brazil,2020-09-17,4455386,205
Brazil,2020-09-18,4495183,206
Brazil,2020-09-19,4528240,207
Brazil,2020-09-20,4544629,208
Brazil,2020-09-21,4558040,209
Brazil,2020-09-22,4591364,210
Brazil,2020-09-23,4591364,211
Brazil,2020-09-24,4657702,212
Brazil,2020-09-25,4689613,213
Brazil,2020-09-26,4717991,214
Brazil,2020-09-27,4732309,215
Brazil,2020-09-28,4745464,216
Brazil,2020-09-29,4777522,217
Brazil,2020-09-30,4810935,218
Brazil,2020-10-01,4847092,219
Brazil,2020-10-02,4847092,220
Brazil,2020-10-03,4906833,221
Brazil,2020-10-04,4915289,222
Brazil,2020-10-05,4927235,223
Brazil,2020-10-06,4969141,224
Brazil,2020-10-07,5000694,225
Brazil,2020-10-08,5028444,226
Brazil,2020-10-09,5055888,227
Brazil,2020-10-10,5082637,228
Brazil,2020-10-11,5094979,229
Brazil,2020-10-12,5103408,230
Brazil,2020-10-13,5113628,231
Brazil,2020-10-14,5140863,232
Brazil,2020-10-15,5169386,233
Brazil,2020-10-16,5200300,234
Brazil,2020-10-17,5224362,235
Brazil,2020-10-18,5224362,236
Brazil,2020-10-19,5250727,237
Brazil,2020-10-20,5273954,238
Brazil,2020-10-21,5298772,239
Brazil,2020-10-22,5323630,240
Brazil,2020-10-23,5353656,241
Brazil,2020-10-24,5380635,242
Brazil,2020-10-25,5394128,243
Brazil,2020-10-26,5409854,244
Brazil,2020-10-27,5439641,245
Brazil,2020-10-28,5468270,246
Brazil,2020-10-29,5494376,247
Brazil,2020-10-30,5516658,248
Brazil,2020-10-31,5535605,249
Brazil,2020-11-01,5545705,250
Brazil,2020-11-02,5554206,251
Brazil,2020-11-03,5566049,252
Brazil,2020-11-04,5590025,253
Brazil,2020-11-05,5590025,254
Brazil,2020-11-06,5631181,255
Brazil,2020-11-07,5653561,256
Brazil,2020-11-08,5664115,257
Brazil,2020-11-09,5675032,258
Brazil,2020-11-10,5699005,259
Brazil,2020-11-11,5747660,260
Brazil,2020-11-12,5781582,261
Brazil,2020-11-13,5810652,262
Brazil,2020-11-14,5848959,263
Brazil,2020-11-15,5863093,264
Brazil,2020-11-16,5876464,265
Brazil,2020-11-17,5911758,266
Brazil,2020-11-18,5945849,267
Brazil,2020-11-19,5981767,268
Brazil,2020-11-20,6020164,269
Brazil,2020-11-21,6052786,270
Brazil,2020-11-22,6071401,271
Brazil,2020-11-23,6087608,272
Brazil,2020-11-24,6118708,273
Brazil,2020-11-25,6166606,274
Brazil,2020-11-26,6204220,275
Brazil,2020-11-27,6238350,276
Brazil,2020-11-28,6290272,277
Brazil,2020-11-29,6314740,278
Brazil,2020-11-30,6335878,279
Brazil,2020-12-01,6386787,280
Brazil,2020-12-02,6436650,281
Brazil,2020-12-03,6487084,282
Brazil,2020-12-04,6533968,283
Brazil,2020-12-05,6577177,284
Brazil,2020-12-06,6603540,285
Brazil,2020-12-07,6623911,286
Brazil,2020-12-08,6674999,287
Brazil,2020-12-09,6728452,288
Brazil,2020-12-10,6781799,289
Brazil,2020-12-11,6836227,290
Brazil,2020-12-12,6880127,291
Brazil,2020-12-13,6901952,292
Brazil,2020-12-14,6927145,293
Brazil,2020-12-15,6970034,294
Brazil,2020-12-16,7040608,295
Brazil,2020-12-17,7110434,296
Brazil,2020-12-18,7162978,297
Brazil,2020-12-19,7213155,298
Brazil,2020-12-20,7238600,299
Brazil,2020-12-21,7263619,300
Brazil,2020-12-22,7318821,301
Brazil,2020-12-23,7365517,302
Brazil,2020-12-24,7423945,303
Brazil,2020-12-25,7448560,304
Brazil,2020-12-26,7465806,305
Brazil,2020-12-27,7484285,306
Brazil,2020-12-28,7504833,307
Brazil,2020-12-29,7563551,308
Brazil,2020-12-30,7619200,309
Brazil,2020-12-31,7675973,310
Brazil,2021-01-01,7700578,311
Brazil,2021-01-02,7716405,312
Brazil,2021-01-03,7733746,313
Brazil,2021-01-04,7753752,314
Brazil,2021-01-05,7810400,315
Brazil,2021-01-06,7873830,316
Brazil,2021-01-07,7961673,317
Brazil,2021-01-08,8013708,318
Brazil,2021-01-09,8075998,319
Brazil,2021-01-10,8105790,320
Brazil,2021-01-11,8131612,321
Brazil,2021-01-12,8195637,322
Brazil,2021-01-13,8256536,323
Brazil,2021-01-14,8324294,324
Brazil,2021-01-15,8393492,325
Brazil,2021-01-16,8455059,326
Brazil,2021-01-17,8488099,327
Brazil,2021-01-18,8511770,328
Brazil,2021-01-19,8573864,329
Brazil,2021-01-20,8638249,330
Brazil,2021-01-21,8697368,331
Brazil,2021-01-22,8753920,332
Brazil,2021-01-23,8816254,333
Brazil,2021-01-24,8844577,334
Brazil,2021-01-25,8871393,335
Brazil,2021-01-26,8933356,336
Brazil,2021-01-27,8996876,337
Brazil,2021-01-28,9058687,338
Brazil,2021-01-29,9118513,339
Brazil,2021-01-30,9176975,340
Brazil,2021-01-31,9204731,341
Brazil,2021-02-01,9229322,342
Brazil,2021-02-02,9283418,343
Brazil,2021-02-03,9339420,344
Brazil,2021-02-04,9396293,345
Brazil,2021-02-05,9447165,346
Brazil,2021-02-06,9447165,347
Brazil,2021-02-07,9524640,348
Brazil,2021-02-08,9524640,349
Brazil,2021-02-09,9599565,350
Brazil,2021-02-10,9659167,351
Brazil,2021-02-11,9713909,352
Brazil,2021-02-12,9765455,353
Brazil,2021-02-13,9809754,354
Brazil,2021-02-14,9834513,355
Brazil,2021-02-15,9866710,356
Brazil,2021-02-16,9921981,357
Brazil,2021-02-17,9978747,358
Brazil,2021-02-18,10030626,359
Brazil,2021-02-19,10084208,360
Brazil,2021-02-20,10139148,361
Brazil,2021-02-21,10168174,362
Brazil,2021-02-22,10195160,363
Brazil,2021-02-23,10257875,364
Brazil,2021-02-24,10324463,365
Brazil,2021-02-25,10390461,366
Brazil,2021-02-26,10455630,367
Brazil,2021-02-27,10517232,368
Brazil,2021-02-28,10551259,369
Brazil,2021-03-01,10587001,370
Brazil,2021-03-02,10646926,371
Brazil,2021-03-03,10718630,372
Brazil,2021-03-04,10793732,373
Brazil,2021-03-05,10869227,374
Brazil,2021-03-06,10938836,375
Brazil,2021-03-07,11019344,376
Brazil,2021-03-08,11051665,377
Brazil,2021-03-09,11122429,378
Brazil,2021-03-10,11202305,379
Brazil,2021-03-11,11277717,380
Brazil,2021-03-12,11363380,381
Brazil,2021-03-13,11439558,382
Brazil,2021-03-14,11483370,383
Brazil,2021-03-15,11519609,384
Brazil,2021-03-16,11603535,385
Brazil,2021-03-17,11693838,386
Brazil,2021-03-18,11780820,387
Brazil,2021-03-19,11871390,388
Brazil,2021-03-20,11950459,389
Brazil,2021-03-21,11998233,390
Brazil,2021-03-22,12047526,391
Brazil,2021-03-23,12130019,392
Brazil,2021-03-24,12220011,393
Brazil,2021-03-25,12320169,394
Brazil,2021-03-26,12404414,395
Brazil,2021-03-27,12490362,396
Brazil,2021-03-28,12534688,397
Brazil,2021-03-29,12573615,398
Brazil,2021-03-30,12658109,399
Brazil,2021-03-31,12748747,400
Brazil,2021-04-01,12839844,401
Brazil,2021-04-02,12910082,402
Brazil,2021-04-03,12953597,403
Brazil,2021-04-04,12984956,404
Brazil,2021-04-05,13013601,405
Brazil,2021-04-06,13100580,406
Brazil,2021-04-07,13193205,407
Brazil,2021-04-08,13279857,408
Brazil,2021-04-09,13373174,409
Brazil,2021-04-10,13445006,410
Brazil,2021-04-11,13482023,411
Brazil,2021-04-12,13517808,412
Brazil,2021-04-13,13599994,413
Brazil,2021-04-14,13673507,414
Brazil,2021-04-15,13746681,415
Brazil,2021-04-16,13832455,416
Brazil,2021-04-17,13900091,417
Brazil,2021-04-18,13943071,418
Brazil,2021-04-19,13973695,419
Brazil,2021-04-20,14043076,420
Brazil,2021-04-21,14122795,421
Brazil,2021-04-22,14167973,422
Brazil,2021-04-23,14237078,423
Brazil,2021-04-24,14308215,424
Brazil,2021-04-25,14340787,425
Brazil,2021-04-26,14369423,426
Brazil,2021-04-27,14441563,427
Brazil,2021-04-28,14521289,428
Brazil,2021-04-29,14590678,429
Brazil,2021-04-30,14659011,430
China,2020-01-22,548,1
China,2020-01-23,643,2
China,2020-01-24,920,3
China,2020-01-25,1406,4
China,2020-01-26,2075,5
China,2020-01-27,2877,6
China,2020-01-28,5509,7
China,2020-01-29,6087,8
China,2020-01-30,8141,9
China,2020-01-31,9802,10
China,2020-02-01,11891,11
China,2020-02-02,16630,12
China,2020-02-03,19716,13
China,2020-02-04,23707,14
China,2020-02-05,27440,15
China,2020-02-06,30587,16
China,2020-02-07,34110,17
China,2020-02-08,36814,18
China,2020-02-09,39829,19
China,2020-02-10,42354,20
China,2020-02-11,44386,21
China,2020-02-12,44759,22
China,2020-02-13,59895,23
China,2020-02-14,66358,24
China,2020-02-15,68413,25
China,2020-02-16,70513,26
China,2020-02-17,72434,27
China,2020-02-18,74211,28
China,2020-02-19,74619,29
China,2020-02-20,75077,30
China,2020-02-21,75550,31
China,2020-02-22,77001,32
China,2020-02-23,77022,33
China,2020-02-24,77241,34
China,2020-02-25,77754,35
China,2020-02-26,78166,36
China,2020-02-27,78600,37
China,2020-02-28,78928,38
China,2020-02-29,79356,39
China,2020-03-01,79932,40
China,2020-03-02,80136,41
China,2020-03-03,80261,42
China,2020-03-04,80386,43
China,2020-03-05,80537,44
China,2020-03-06,80690,45
China,2020-03-07,80770,46
China,2020-03-08,80823,47
China,2020-03-09,80860,48
China,2020-03-10,80887,49
China,2020-03-11,80921,50
China,2020-03-12,80932,51
China,2020-03-13,80945,52
China,2020-03-14,80977,53
China,2020-03-15,81003,54
China,2020-03-16,81033,55
China,2020-03-17,81058,56
China,2020-03-18,81102,57
China,2020-03-19,81156,58
China,2020-03-20,81250,59
China,2020-03-21,81305,60
China,2020-03-22,81435,61
China,2020-03-23,81498,62
China,2020-03-24,81591,63
China,2020-03-25,81661,64
China,2020-03-26,81782,65
China,2020-03-27,81897,66
China,2020-03-28,81999,67
China,2020-03-29,82122,68
China,2020-03-30,82198,69
China,2020-03-31,82279,70
China,2020-04-01,82361,71
China,2020-04-02,82432,72
China,2020-04-03,82511,73
China,2020-04-04,82543,74
China,2020-04-05,82602,75
China,2020-04-06,82665,76
China,2020-04-07,82718,77
China,2020-04-08,82809,78
China,2020-04-09,82883,79
China,2020-04-10,82941,80
China,2020-04-11,83014,81
China,2020-04-12,83134,82
China,2020-04-13,83213,83
China,2020-04-14,83306,84
China,2020-04-15,83356,85
China,2020-04-16,83403,86
China,2020-04-17,83760,87
China,2020-04-18,83787,88
China,2020-04-19,83805,89
China,2020-04-20,83817,90
China,2020-04-21,83853,91
China,2020-04-22,83868,92
China,2020-04-23,83884,93
China,2020-04-24,83899,94
China,2020-04-25,83909,95
China,2020-04-26,83912,96
China,2020-04-27,83918,97
China,2020-04-28,83940,98
China,2020-04-29,83944,99
China,2020-04-30,83956,100
China,2020-05-01,83959,101
China,2020-05-02,83959,102
China,2020-05-03,83964,103
China,2020-05-04,83966,104
China,2020-05-05,83968,105
China,2020-05-06,83970,106
China,2020-05-07,83975,107
China,2020-05-08,83976,108
China,2020-05-09,83990,109
China,2020-05-10,84010,110
China,2020-05-11,84011,111
China,2020-05-12,84018,112
China,2020-05-13,84024,113
China,2020-05-14,84029,114
China,2020-05-15,84038,115
China,2020-05-16,84044,116
China,2020-05-17,84054,117
China,2020-05-18,84063,118
China,2020-05-19,84063,119
China,2020-05-20,84063,120
China,2020-05-21,84063,121
China,2020-05-22,84081,122
China,2020-05-23,84084,123
China,2020-05-24,84095,124
China,2020-05-25,84102,125
China,2020-05-26,84103,126
China,2020-05-27,84106,127
China,2020-05-28,84106,128
China,2020-05-29,84123,129
China,2020-05-30,84128,130
China,2020-05-31,84146,131
China,2020-06-01,84154,132
China,2020-06-02,84161,133
China,2020-06-03,84160,134
China,2020-06-04,84171,135
China,2020-06-05,84177,136
China,2020-06-06,84186,137
China,2020-06-07,84191,138
China,2020-06-08,84195,139
China,2020-06-09,84198,140
China,2020-06-10,84209,141
China,2020-06-11,84216,142
China,2020-06-12,84228,143
China,2020-06-13,84286,144
China,2020-06-14,84335,145
China,2020-06-15,84378,146
China,2020-06-16,84422,147
China,2020-06-17,84458,148
China,2020-06-18,84494,149
China,2020-06-19,84494,150
China,2020-06-20,84553,151
China,2020-06-21,84572,152
China,2020-06-22,84624,153
China,2020-06-23,84653,154
China,2020-06-24,84673,155
China,2020-06-25,84701,156
China,2020-06-26,84725,157
China,2020-06-27,84743,158
China,2020-06-28,84757,159
China,2020-06-29,84780,160
China,2020-06-30,84785,161
China,2020-07-01,84816,162
China,2020-07-02,84830,163
China,2020-07-03,84838,164
China,2020-07-04,84857,165
China,2020-07-05,84871,166
China,2020-07-06,84889,167
China,2020-07-07,84917,168
China,2020-07-08,84950,169
China,2020-07-09,84992,170
China,2020-07-10,84992,171
China,2020-07-11,85071,172
China,2020-07-12,85117,173
China,2020-07-13,85117,174
China,2020-07-14,85226,175
China,2020-07-15,85246,176
China,2020-07-16,85327,177
China,2020-07-17,85402,178
China,2020-07-18,85418,179
China,2020-07-19,85503,180
China,2020-07-20,85622,181
China,2020-07-21,85708,182
China,2020-07-22,85906,183
China,2020-07-23,86045,184
China,2020-07-24,86202,185
China,2020-07-25,86381,186
China,2020-07-26,86570,187
China,2020-07-27,86783,188
China,2020-07-28,86990,189
China,2020-07-29,87213,190
China,2020-07-30,87489,191
China,2020-07-31,87655,192
China,2020-08-01,87827,193
China,2020-08-02,87985,194
China,2020-08-03,88099,195
China,2020-08-04,88206,196
China,2020-08-05,88328,197
China,2020-08-06,88460,198
China,2020-08-07,88580,199
China,2020-08-08,88672,200
China,2020-08-09,88793,201
China,2020-08-10,88906,202
China,2020-08-11,88958,203
China,2020-08-12,89045,204
China,2020-08-13,89144,205
China,2020-08-14,89214,206
China,2020-08-15,89279,207
China,2020-08-16,89375,208
China,2020-08-17,89441,209
China,2020-08-18,89494,210
China,2020-08-19,89527,211
China,2020-08-20,89567,212
China,2020-08-21,89616,213
China,2020-08-22,89654,214
China,2020-08-23,89695,215
China,2020-08-24,89718,216
China,2020-08-25,89752,217
China,2020-08-26,89784,218
China,2020-08-27,89814,219
China,2020-08-28,89836,220
China,2020-08-29,89863,221
China,2020-08-30,89895,222
China,2020-08-31,89914,223
China,2020-09-01,89933,224
China,2020-09-02,89953,225
China,2020-09-03,89986,226
China,2020-09-04,90008,227
China,2020-09-05,90025,228
China,2020-09-06,90058,229
China,2020-09-07,90078,230
China,2020-09-08,90087,231
China,2020-09-09,90100,232
China,2020-09-10,90127,233
China,2020-09-11,90145,234
China,2020-09-12,90168,235
China,2020-09-13,90197,236
China,2020-09-14,90219,237
China,2020-09-15,90235,238
China,2020-09-16,90253,239
China,2020-09-17,90294,240
China,2020-09-18,90311,241
China,2020-09-19,90334,242
China,2020-09-20,90369,243
China,2020-09-21,90381,244
China,2020-09-22,90399,245
China,2020-09-23,90409,246
China,2020-09-24,90424,247
China,2020-09-25,90441,248
China,2020-09-26,90456,249
China,2020-09-27,90483,250
China,2020-09-28,90505,251
China,2020-09-29,90528,252
China,2020-09-30,90545,253
China,2020-10-01,90567,254
China,2020-10-02,90584,255
China,2020-10-03,90604,256
China,2020-10-04,90629,257
China,2020-10-05,90652,258
China,2020-10-06,90667,259
China,2020-10-07,90687,260
China,2020-10-08,90728,261
China,2020-10-09,90751,262
China,2020-10-10,90778,263
China,2020-10-11,90812,264
China,2020-10-12,90830,265
China,2020-10-13,90858,266
China,2020-10-14,90869,267
China,2020-10-15,90905,268
China,2020-10-16,90925,269
China,2020-10-17,90955,270
China,2020-10-18,90972,271
China,2020-10-19,91006,272
China,2020-10-20,91022,273
China,2020-10-21,91044,274
China,2020-10-22,91073,275
China,2020-10-23,91108,276
China,2020-10-24,91128,277
China,2020-10-25,91151,278
China,2020-10-26,91175,279
China,2020-10-27,91222,280
China,2020-10-28,91271,281
China,2020-10-29,91299,282
China,2020-10-30,91339,283
China,2020-10-31,91366,284
China,2020-11-01,91397,285
China,2020-11-02,91452,286
China,2020-11-03,91478,287
China,2020-11-04,91509,288
China,2020-11-05,91552,289
China,2020-11-06,91591,290
China,2020-11-07,91622,291
China,2020-11-08,91665,292
China,2020-11-09,91693,293
China,2020-11-10,91719,294
China,2020-11-11,91752,295
China,2020-11-12,91783,296
China,2020-11-13,91807,297
China,2020-11-14,91828,298
China,2020-11-15,91850,299
China,2020-11-16,91872,300
China,2020-11-17,91885,301
China,2020-11-18,91906,302
China,2020-11-19,91935,303
China,2020-11-20,91977,304
China,2020-11-21,92037,305
China,2020-11-22,92116,306
China,2020-11-23,92211,307
China,2020-11-24,92296,308
China,2020-11-25,92402,309
China,2020-11-26,92488,310
China,2020-11-27,92586,311
China,2020-11-28,92681,312
China,2020-11-29,92814,313
China,2020-11-30,92902,314
China,2020-12-01,92993,315
China,2020-12-02,93113,316
China,2020-12-03,93221,317
China,2020-12-04,93348,318
China,2020-12-05,93467,319
China,2020-12-06,93577,320
China,2020-12-07,93670,321
China,2020-12-08,93782,322
China,2020-12-09,93898,323
China,2020-12-10,94025,324
China,2020-12-11,94124,325
China,2020-12-12,94217,326
China,2020-12-13,94328,327
China,2020-12-14,94427,328
China,2020-12-15,94537,329
China,2020-12-16,94626,330
China,2020-12-17,94734,331
China,2020-12-18,94821,332
China,2020-12-19,94953,333
China,2020-12-20,95050,334
China,2020-12-21,95150,335
China,2020-12-22,95228,336
China,2020-12-23,95298,337
China,2020-12-24,95383,338
China,2020-12-25,95460,339
China,2020-12-26,95541,340
China,2020-12-27,95632,341
China,2020-12-28,95720,342
China,2020-12-29,95797,343
China,2020-12-30,95876,344
China,2020-12-31,95963,345
China,2021-01-01,96023,346
China,2021-01-02,96086,347
China,2021-01-03,96160,348
China,2021-01-04,96246,349
China,2021-01-05,96310,350
China,2021-01-06,96398,351
China,2021-01-07,96484,352
China,2021-01-08,96562,353
China,2021-01-09,96690,354
China,2021-01-10,96824,355
China,2021-01-11,96920,356
China,2021-01-12,97095,357
China,2021-01-13,97275,358
China,2021-01-14,97448,359
China,2021-01-15,97616,360
China,2021-01-16,97775,361
China,2021-01-17,97939,362
China,2021-01-18,98164,363
China,2021-01-19,98323,364
China,2021-01-20,98544,365
China,2021-01-21,98786,366
China,2021-01-22,98886,367
China,2021-01-23,99047,368
China,2021-01-24,99247,369
China,2021-01-25,99402,370
China,2021-01-26,99541,371
China,2021-01-27,99655,372
China,2021-01-28,99746,373
China,2021-01-29,99848,374
China,2021-01-30,99968,375
China,2021-01-31,100063,376
China,2021-02-01,100127,377
China,2021-02-02,100177,378
China,2021-02-03,100226,379
China,2021-02-04,100268,380
China,2021-02-05,100318,381
China,2021-02-06,100348,382
China,2021-02-07,100389,383
China,2021-02-08,100435,384
China,2021-02-09,100475,385
China,2021-02-10,100494,386
China,2021-02-11,100527,387
China,2021-02-12,100559,388
China,2021-02-13,100578,389
China,2021-02-14,100599,390
China,2021-02-15,100624,391
China,2021-02-16,100639,392
China,2021-02-17,100666,393
China,2021-02-18,100684,394
China,2021-02-19,100705,395
China,2021-02-20,100727,396
China,2021-02-21,100758,397
China,2021-02-22,100784,398
China,2021-02-23,100808,399
China,2021-02-24,100832,400
China,2021-02-25,100851,401
China,2021-02-26,100885,402
China,2021-02-27,100924,403
China,2021-02-28,100965,404
China,2021-03-01,100990,405
China,2021-03-02,101013,406
China,2021-03-03,101037,407
China,2021-03-04,101055,408
China,2021-03-05,101076,409
China,2021-03-06,101097,410
China,2021-03-07,101132,411
China,2021-03-08,101149,412
China,2021-03-09,101175,413
China,2021-03-10,101194,414
China,2021-03-11,101225,415
China,2021-03-12,101292,416
China,2021-03-13,101349,417
China,2021-03-14,101378,418
China,2021-03-15,101421,419
China,2021-03-16,101443,420
China,2021-03-17,101460,421
China,2021-03-18,101481,422
China,2021-03-19,101498,423
China,2021-03-20,101518,424
China,2021-03-21,101533,425
China,2021-03-22,101560,426
China,2021-03-23,101582,427
China,2021-03-24,101603,428
China,2021-03-25,101623,429
China,2021-03-26,101646,430
China,2021-03-27,101663,431
China,2021-03-28,101676,432
China,2021-03-29,101692,433
China,2021-03-30,101710,434
China,2021-03-31,101732,435
China,2021-04-01,101754,436
China,2021-04-02,101799,437
China,2021-04-03,101821,438
China,2021-04-04,101861,439
China,2021-04-05,101901,440
China,2021-04-06,101920,441
China,2021-04-07,101953,442
China,2021-04-08,101984,443
China,2021-04-09,102012,444
China,2021-04-10,102027,445
China,2021-04-11,102056,446
China,2021-04-12,102078,447
China,2021-04-13,102103,448
China,2021-04-14,102118,449
China,2021-04-15,102135,450
China,2021-04-16,102167,451
China,2021-04-17,102201,452
China,2021-04-18,102242,453
China,2021-04-19,102264,454
China,2021-04-20,102293,455
China,2021-04-21,102300,456
China,2021-04-22,102333,457
China,2021-04-23,102351,458
China,2021-04-24,102367,459
China,2021-04-25,102384,460
China,2021-04-26,102399,461
China,2021-04-27,102419,462
China,2021-04-28,102446,463
China,2021-04-29,102474,464
China,2021-04-30,102494,465
France,2020-01-24,2,1
France,2020-01-25,3,2
France,2020-01-26,3,3
France,2020-01-27,3,4
France,2020-01-28,4,5
France,2020-01-29,5,6
France,2020-01-30,5,7
France,2020-01-31,5,8
France,2020-02-01,6,9
France,2020-02-02,6,10
France,2020-02-03,6,11
France,2020-02-04,6,12
France,2020-02-05,6,13
France,2020-02-06,6,14
France,2020-02-07,6,15
France,2020-02-08,11,16
France,2020-02-09,11,17
France,2020-02-10,11,18
France,2020-02-11,11,19
France,2020-02-12,11,20
France,2020-02-13,11,21
France,2020-02-14,11,22
France,2020-02-15,12,23
France,2020-02-16,12,24
France,2020-02-17,12,25
France,2020-02-18,12,26
France,2020-02-19,12,27
France,2020-02-20,12,28
France,2020-02-21,12,29
France,2020-02-22,12,30
France,2020-02-23,12,31
France,2020-02-24,12,32
France,2020-02-25,14,33
France,2020-02-26,18,34
France,2020-02-27,38,35
France,2020-02-28,57,36
France,2020-02-29,100,37
France,2020-03-01,130,38
France,2020-03-02,191,39
France,2020-03-03,212,40
France,2020-03-04,288,41
France,2020-03-05,426,42
France,2020-03-06,616,43
France,2020-03-07,948,44
France,2020-03-08,1125,45
France,2020-03-09,1411,46
France,2020-03-10,1783,47
France,2020-03-11,2293,48
France,2020-03-12,2293,49
France,2020-03-13,3681,50
France,2020-03-14,4496,51
France,2020-03-15,4532,52
France,2020-03-16,6683,53
France,2020-03-17,7715,54
France,2020-03-18,9124,55
France,2020-03-19,10970,56
France,2020-03-20,12758,57
France,2020-03-21,14463,58
France,2020-03-22,16758,59
France,2020-03-23,20123,60
France,2020-03-24,22372,61
France,2020-03-25,25334,62
France,2020-03-26,29252,63
France,2020-03-27,33047,64
France,2020-03-28,37692,65
France,2020-03-29,40295,66
France,2020-03-30,44649,67
France,2020-03-31,52278,68
France,2020-04-01,57122,69
France,2020-04-02,59228,70
France,2020-04-03,64452,71
France,2020-04-04,47378,72
France,2020-04-05,48233,73
France,2020-04-06,50887,74
France,2020-04-07,47396,75
France,2020-04-08,51251,76
France,2020-04-09,55035,77
France,2020-04-10,56600,78
France,2020-04-11,58045,79
France,2020-04-12,108791,80
France,2020-04-13,111932,81
France,2020-04-14,129380,82
France,2020-04-15,132588,83
France,2020-04-16,145166,84
France,2020-04-17,147057,85
France,2020-04-18,150863,86
France,2020-04-19,151955,87
France,2020-04-20,154402,88
France,2020-04-21,157068,89
France,2020-04-22,158868,90
France,2020-04-23,157158,91
France,2020-04-24,159969,92
France,2020-04-25,161647,93
France,2020-04-26,162280,94
France,2020-04-27,165966,95
France,2020-04-28,169098,96
France,2020-04-29,167643,97
France,2020-04-30,168861,98
France,2020-05-01,169387,99
France,2020-05-02,170179,100
France,2020-05-03,170540,101
France,2020-05-04,171102,102
France,2020-05-05,172219,103
France,2020-05-06,176355,104
France,2020-05-07,177096,105
France,2020-05-08,177627,106
France,2020-05-09,178156,107
France,2020-05-10,178405,108
France,2020-05-11,178719,109
France,2020-05-12,179472,110
France,2020-05-13,179993,111
France,2020-05-14,180635,112
France,2020-05-15,181148,113
France,2020-05-16,181563,114
France,2020-05-17,181703,115
France,2020-05-18,182147,116
France,2020-05-19,182648,117
France,2020-05-20,183130,118
France,2020-05-21,183397,119
France,2020-05-22,184153,120
France,2020-05-23,184699,121
France,2020-05-24,184260,122
France,2020-05-25,184585,123
France,2020-05-26,184840,124
France,2020-05-27,185012,125
France,2020-05-28,188355,126
France,2020-05-29,188949,127
France,2020-05-30,190744,128
France,2020-05-31,190975,129
France,2020-06-01,191382,130
France,2020-06-02,190735,131
France,2020-06-03,187509,132
France,2020-06-04,191869,133
France,2020-06-05,192450,134
France,2020-06-06,193022,135
France,2020-06-07,193363,136
France,2020-06-08,193637,137
France,2020-06-09,194190,138
France,2020-06-10,194815,139
France,2020-06-11,195179,140
France,2020-06-12,195981,141
France,2020-06-13,196478,142
France,2020-06-14,196868,143
France,2020-06-15,197004,144
France,2020-06-16,197667,145
France,2020-06-17,198155,146
France,2020-06-18,198741,147
France,2020-06-19,199528,148
France,2020-06-20,200147,149
France,2020-06-21,200490,150
France,2020-06-22,200632,151
France,2020-06-23,201330,152
France,2020-06-24,201598,153
France,2020-06-25,201853,154
France,2020-06-26,203116,155
France,2020-06-27,203564,156
France,2020-06-28,203158,157
France,2020-06-29,203803,158
France,2020-06-30,204244,159
France,2020-07-01,205234,160
France,2020-07-02,205773,161
France,2020-07-03,206312,162
France,2020-07-04,206670,163
France,2020-07-05,206681,164
France,2020-07-06,207699,165
France,2020-07-07,208153,166
France,2020-07-08,208975,167
France,2020-07-09,209419,168
France,2020-07-10,210134,169
France,2020-07-11,210385,170
France,2020-07-12,210401,171
France,2020-07-13,211824,172
France,2020-07-14,211886,173
France,2020-07-15,212613,174
France,2020-07-16,213182,175
France,2020-07-17,214011,176
France,2020-07-18,214174,177
France,2020-07-19,214178,178
France,2020-07-20,216089,179
France,2020-07-21,216684,180
France,2020-07-22,217605,181
France,2020-07-23,218841,182
France,2020-07-24,219932,183
France,2020-07-25,220020,184
France,2020-07-26,220020,185
France,2020-07-27,222508,186
France,2020-07-28,223072,187
France,2020-07-29,224542,188
France,2020-07-30,225931,189
France,2020-07-31,227239,190
France,2020-08-01,227302,191
France,2020-08-02,227305,192
France,2020-08-03,230665,193
France,2020-08-04,231636,194
France,2020-08-05,233344,195
France,2020-08-06,234945,196
France,2020-08-07,237332,197
France,2020-08-08,237402,198
France,2020-08-09,237437,199
France,2020-08-10,242168,200
France,2020-08-11,243582,201
France,2020-08-12,246180,202
France,2020-08-13,248858,203
France,2020-08-14,251781,204
France,2020-08-15,254991,205
France,2020-08-16,257994,206
France,2020-08-17,258644,207
France,2020-08-18,260763,208
France,2020-08-19,264535,209
France,2020-08-20,269335,210
France,2020-08-21,274344,211
France,2020-08-22,277818,212
France,2020-08-23,282498,213
France,2020-08-24,284474,214
France,2020-08-25,288090,215
France,2020-08-26,288377,216
France,2020-08-27,299580,217
France,2020-08-28,307221,218
France,2020-08-29,312681,219
France,2020-08-30,318047,220
France,2020-08-31,321160,221
France,2020-09-01,326264,222
France,2020-09-02,333377,223
France,2020-09-03,340499,224
France,2020-09-04,349333,225
France,2020-09-05,357927,226
France,2020-09-06,364943,227
France,2020-09-07,369209,228
France,2020-09-08,375947,229
France,2020-09-09,384566,230
France,2020-09-10,394328,231
France,2020-09-11,403837,232
France,2020-09-12,415174,233
France,2020-09-13,421519,234
France,2020-09-14,427915,235
France,2020-09-15,435741,236
France,2020-09-16,445932,237
France,2020-09-17,456171,238
France,2020-09-18,469404,239
France,2020-09-19,482964,240
France,2020-09-20,493500,241
France,2020-09-21,499039,242
France,2020-09-22,509123,243
France,2020-09-23,522414,244
France,2020-09-24,538264,245
France,2020-09-25,554368,246
France,2020-09-26,568588,247
France,2020-09-27,579223,248
France,2020-09-28,583522,249
France,2020-09-29,591527,250
France,2020-09-30,605893,251
France,2020-10-01,618944,252
France,2020-10-02,631380,253
France,2020-10-03,647868,254
France,2020-10-04,660372,255
France,2020-10-05,666011,256
France,2020-10-06,677321,257
France,2020-10-07,696274,258
France,2020-10-08,713676,259
France,2020-10-09,734764,260
France,2020-10-10,761441,261
France,2020-10-11,777378,262
France,2020-10-12,786590,263
France,2020-10-13,800216,264
France,2020-10-14,823218,265
France,2020-10-15,852975,266
France,2020-10-16,878607,267
France,2020-10-17,910711,268
France,2020-10-18,940548,269
France,2020-10-19,954837,270
France,2020-10-20,975213,271
France,2020-10-21,1002635,272
France,2020-10-22,1043448,273
France,2020-10-23,1086285,274
France,2020-10-24,1131550,275
France,2020-10-25,1138166,276
France,2020-10-26,1211176,277
France,2020-10-27,1245658,278
France,2020-10-28,1283208,279
France,2020-10-29,1329820,280
France,2020-10-30,1379294,281
France,2020-10-31,1414364,282
France,2020-11-01,1460543,283
France,2020-11-02,1566634,284
France,2020-11-03,1639235,285
France,2020-11-04,1593159,286
France,2020-11-05,1650965,287
France,2020-11-06,1711917,288
France,2020-11-07,1798572,289
France,2020-11-08,1837134,290
France,2020-11-09,1858558,291
France,2020-11-10,1881171,292
France,2020-11-11,1917577,293
France,2020-11-12,1950205,294
France,2020-11-13,1974270,295
France,2020-11-14,2006227,296
France,2020-11-15,2033419,297
France,2020-11-16,2043469,298
France,2020-11-17,2089071,299
France,2020-11-18,2117968,300
France,2020-11-19,2138704,301
France,2020-11-20,2161968,302
France,2020-11-21,2179638,303
France,2020-11-22,2192768,304
France,2020-11-23,2197830,305
France,2020-11-24,2207751,306
France,2020-11-25,2224505,307
France,2020-11-26,2237506,308
France,2020-11-27,2250280,309
France,2020-11-28,2262757,310
France,2020-11-29,2272520,311
France,2020-11-30,2276874,312
France,2020-12-01,2285238,313
France,2020-12-02,2299466,314
France,2020-12-03,2312253,315
France,2020-12-04,2323764,316
France,2020-12-05,2336646,317
France,2020-12-06,2347595,318
France,2020-12-07,2351006,319
France,2020-12-08,2365043,320
France,2020-12-09,2379718,321
France,2020-12-10,2393590,322
France,2020-12-11,2407079,323
France,2020-12-12,2421026,324
France,2020-12-13,2432559,325
France,2020-12-14,2435751,326
France,2020-12-15,2447406,327
France,2020-12-16,2465126,328
France,2020-12-17,2483524,329
France,2020-12-18,2499529,330
France,2020-12-19,2516957,331
France,2020-12-20,2529756,332
France,2020-12-21,2535716,333
France,2020-12-22,2547577,334
France,2020-12-23,2562615,335
France,2020-12-24,2584333,336
France,2020-12-25,2604595,337
France,2020-12-26,2607688,338
France,2020-12-27,2616510,339
France,2020-12-28,2619616,340
France,2020-12-29,2631110,341
France,2020-12-30,2657624,342
France,2020-12-31,2677666,343
France,2021-01-01,2697014,344
France,2021-01-02,2700480,345
France,2021-01-03,2712975,346
France,2021-01-04,2717059,347
France,2021-01-05,2737884,348
France,2021-01-06,2763116,349
France,2021-01-07,2784883,350
France,2021-01-08,2804743,351
France,2021-01-09,2824920,352
France,2021-01-10,2840864,353
France,2021-01-11,2844680,354
France,2021-01-12,2864360,355
France,2021-01-13,2888292,356
France,2021-01-14,2909723,357
France,2021-01-15,2931040,358
France,2021-01-16,2952449,359
France,2021-01-17,2969091,360
France,2021-01-18,2972889,361
France,2021-01-19,2996784,362
France,2021-01-20,3023661,363
France,2021-01-21,3046371,364
France,2021-01-22,3069695,365
France,2021-01-23,3093619,366
France,2021-01-24,3112055,367
France,2021-01-25,3116355,368
France,2021-01-26,3138498,369
France,2021-01-27,3165449,370
France,2021-01-28,3189405,371
France,2021-01-29,3212640,372
France,2021-01-30,3236685,373
France,2021-01-31,3255920,374
France,2021-02-01,3260308,375
France,2021-02-02,3283645,376
France,2021-02-03,3310051,377
France,2021-02-04,3310071,378
France,2021-02-05,3355678,379
France,2021-02-06,3376266,380
France,2021-02-07,3395981,381
France,2021-02-08,3400324,382
France,2021-02-09,3419210,383
France,2021-02-10,3444888,384
France,2021-02-11,3465964,385
France,2021-02-12,3486673,386
France,2021-02-13,3507904,387
France,2021-02-14,3524450,388
France,2021-02-15,3528856,389
France,2021-02-16,3548452,390
France,2021-02-17,3573638,391
France,2021-02-18,3596156,392
France,2021-02-19,3620283,393
France,2021-02-20,3642654,394
France,2021-02-21,3664700,395
France,2021-02-22,3669354,396
France,2021-02-23,3689534,397
France,2021-02-24,3721061,398
France,2021-02-25,3746475,399
France,2021-02-26,3771691,400
France,2021-02-27,3795687,401
France,2021-02-28,3815639,402
France,2021-03-01,3820369,403
France,2021-03-02,3843241,404
France,2021-03-03,3870144,405
France,2021-03-04,3895430,406
France,2021-03-05,3918937,407
France,2021-03-06,3942243,408
France,2021-03-07,3964078,409
France,2021-03-08,3969612,410
France,2021-03-09,3992755,411
France,2021-03-10,4022429,412
France,2021-03-11,4050558,413
France,2021-03-12,4075735,414
France,2021-03-13,4105527,415
France,2021-03-14,4131874,416
France,2021-03-15,4138345,417
France,2021-03-16,4168411,418
France,2021-03-17,4206912,419
France,2021-03-18,4241973,420
France,2021-03-19,4277171,421
France,2021-03-20,4312510,422
France,2021-03-21,4343097,423
France,2021-03-22,4358910,424
France,2021-03-23,4373607,425
France,2021-03-24,4438999,426
France,2021-03-25,4484659,427
France,2021-03-26,4526530,428
France,2021-03-27,4569164,429
France,2021-03-28,4606185,430
France,2021-03-29,4615295,431
France,2021-03-30,4646014,432
France,2021-03-31,4705068,433
France,2021-04-01,4755779,434
France,2021-04-02,4802457,435
France,2021-04-03,4802545,436
France,2021-04-04,4883174,437
France,2021-04-05,4893971,438
France,2021-04-06,4902025,439
France,2021-04-07,4902985,440
France,2021-04-08,5000155,441
France,2021-04-09,5000314,442
France,2021-04-10,5001685,443
France,2021-04-11,5119585,444
France,2021-04-12,5128140,445
France,2021-04-13,5167265,446
France,2021-04-14,5210772,447
France,2021-04-15,5248853,448
France,2021-04-16,5285304,449
France,2021-04-17,5321176,450
France,2021-04-18,5350521,451
France,2021-04-19,5357229,452
France,2021-04-20,5401305,453
France,2021-04-21,5436229,454
France,2021-04-22,5469674,455
France,2021-04-23,5502014,456
France,2021-04-24,5534656,457
France,2021-04-25,5559121,458
France,2021-04-26,5565080,459
France,2021-04-27,5595403,460
France,2021-04-28,5626985,461
France,2021-04-29,5653533,462
France,2021-04-30,5677835,463
India,2020-01-30,1,1
India,2020-01-31,1,2
India,2020-02-01,1,3
India,2020-02-02,2,4
India,2020-02-03,3,5
India,2020-02-04,3,6
India,2020-02-05,3,7
India,2020-02-06,3,8
India,2020-02-07,3,9
India,2020-02-08,3,10
India,2020-02-09,3,11
India,2020-02-10,3,12
India,2020-02-11,3,13
India,2020-02-12,3,14
India,2020-02-13,3,15
India,2020-02-14,3,16
India,2020-02-15,3,17
India,2020-02-16,3,18
India,2020-02-17,3,19
India,2020-02-18,3,20
India,2020-02-19,3,21
India,2020-02-20,3,22
India,2020-02-21,3,23
India,2020-02-22,3,24
India,2020-02-23,3,25
India,2020-02-24,3,26
India,2020-02-25,3,27
India,2020-02-26,3,28
India,2020-02-27,3,29
India,2020-02-28,3,30
India,2020-02-29,3,31
India,2020-03-01,3,32
India,2020-03-02,5,33
India,2020-03-03,5,34
India,2020-03-04,28,35
India,2020-03-05,30,36
India,2020-03-06,31,37
India,2020-03-07,34,38
India,2020-03-08,39,39
India,2020-03-09,43,40
India,2020-03-10,56,41
India,2020-03-11,62,42
India,2020-03-12,73,43
India,2020-03-13,82,44
India,2020-03-14,102,45
India,2020-03-15,113,46
India,2020-03-16,119,47
India,2020-03-17,142,48
India,2020-03-18,156,49
India,2020-03-19,194,50
India,2020-03-20,244,51
India,2020-03-21,330,52
India,2020-03-22,396,53
India,2020-03-23,499,54
India,2020-03-24,536,55
India,2020-03-25,657,56
India,2020-03-26,727,57
India,2020-03-27,887,58
India,2020-03-28,987,59
India,2020-03-29,1024,60
India,2020-03-30,1251,61
India,2020-03-31,1397,62
India,2020-04-01,1998,63
India,2020-04-02,2543,64
India,2020-04-03,2567,65
India,2020-04-04,3082,66
India,2020-04-05,3588,67
India,2020-04-06,4778,68
India,2020-04-07,5311,69
India,2020-04-08,5916,70
India,2020-04-09,6725,71
India,2020-04-10,7598,72
India,2020-04-11,8446,73
India,2020-04-12,9205,74
India,2020-04-13,10453,75
India,2020-04-14,11487,76
India,2020-04-15,12322,77
India,2020-04-16,13430,78
India,2020-04-17,14352,79
India,2020-04-18,15722,80
India,2020-04-19,17615,81
India,2020-04-20,18539,82
India,2020-04-21,20080,83
India,2020-04-22,21370,84
India,2020-04-23,23077,85
India,2020-04-24,24530,86
India,2020-04-25,26283,87
India,2020-04-26,27890,88
India,2020-04-27,29451,89
India,2020-04-28,31324,90
India,2020-04-29,33062,91
India,2020-04-30,34863,92
India,2020-05-01,37257,93
India,2020-05-02,39699,94
India,2020-05-03,42505,95
India,2020-05-04,46437,96
India,2020-05-05,49400,97
India,2020-05-06,52987,98
India,2020-05-07,56351,99
India,2020-05-08,59695,100
India,2020-05-09,62808,101
India,2020-05-10,67161,102
India,2020-05-11,70768,103
India,2020-05-12,74292,104
India,2020-05-13,78055,105
India,2020-05-14,81997,106
India,2020-05-15,85784,107
India,2020-05-16,90648,108
India,2020-05-17,95698,109
India,2020-05-18,100328,110
India,2020-05-19,106475,111
India,2020-05-20,112028,112
India,2020-05-21,118226,113
India,2020-05-22,124794,114
India,2020-05-23,131423,115
India,2020-05-24,138536,116
India,2020-05-25,144950,117
India,2020-05-26,150793,118
India,2020-05-27,158086,119
India,2020-05-28,165386,120
India,2020-05-29,173491,121
India,2020-05-30,181827,122
India,2020-05-31,190609,123
India,2020-06-01,198370,124
India,2020-06-02,207191,125
India,2020-06-03,216824,126
India,2020-06-04,226713,127
India,2020-06-05,236184,128
India,2020-06-06,246622,129
India,2020-06-07,257486,130
India,2020-06-08,265928,131
India,2020-06-09,276146,132
India,2020-06-10,286605,133
India,2020-06-11,297535,134
India,2020-06-12,308993,135
India,2020-06-13,320922,136
India,2020-06-14,332424,137
India,2020-06-15,343091,138
India,2020-06-16,354065,139
India,2020-06-17,366946,140
India,2020-06-18,380532,141
India,2020-06-19,395048,142
India,2020-06-20,410451,143
India,2020-06-21,425282,144
India,2020-06-22,440215,145
India,2020-06-23,456183,146
India,2020-06-24,473105,147
India,2020-06-25,490401,148
India,2020-06-26,508953,149
India,2020-06-27,528859,150
India,2020-06-28,548318,151
India,2020-06-29,566840,152
India,2020-06-30,585481,153
India,2020-07-01,604641,154
India,2020-07-02,625544,155
India,2020-07-03,648315,156
India,2020-07-04,673165,157
India,2020-07-05,697413,158
India,2020-07-06,719664,159
India,2020-07-07,742417,160
India,2020-07-08,767296,161
India,2020-07-09,793802,162
India,2020-07-10,820916,163
India,2020-07-11,849522,164
India,2020-07-12,878254,165
India,2020-07-13,906752,166
India,2020-07-14,936181,167
India,2020-07-15,968857,168
India,2020-07-16,1003832,169
India,2020-07-17,1039084,170
India,2020-07-18,1077781,171
India,2020-07-19,1118206,172
India,2020-07-20,1155338,173
India,2020-07-21,1193078,174
India,2020-07-22,1238798,175
India,2020-07-23,1288108,176
India,2020-07-24,1337024,177
India,2020-07-25,1385635,178
India,2020-07-26,1435616,179
India,2020-07-27,1480073,180
India,2020-07-28,1531669,181
India,2020-07-29,1581963,182
India,2020-07-30,1634746,183
India,2020-07-31,1695988,184
India,2020-08-01,1750723,185
India,2020-08-02,1803695,186
India,2020-08-03,1855745,187
India,2020-08-04,1908254,188
India,2020-08-05,1964536,189
India,2020-08-06,2027074,190
India,2020-08-07,2088611,191
India,2020-08-08,2153010,192
India,2020-08-09,2215074,193
India,2020-08-10,2268675,194
India,2020-08-11,2329638,195
India,2020-08-12,2396637,196
India,2020-08-13,2461190,197
India,2020-08-14,2525922,198
India,2020-08-15,2589952,199
India,2020-08-16,2647663,200
India,2020-08-17,2702681,201
India,2020-08-18,2767253,202
India,2020-08-19,2836925,203
India,2020-08-20,2905825,204
India,2020-08-21,2975701,205
India,2020-08-22,3044940,206
India,2020-08-23,3106348,207
India,2020-08-24,3167323,208
India,2020-08-25,3224547,209
India,2020-08-26,3310234,210
India,2020-08-27,3387500,211
India,2020-08-28,3463972,212
India,2020-08-29,3542733,213
India,2020-08-30,3621245,214
India,2020-08-31,3691166,215
India,2020-09-01,3769523,216
India,2020-09-02,3853406,217
India,2020-09-03,3936747,218
India,2020-09-04,4023179,219
India,2020-09-05,4113811,220
India,2020-09-06,4204613,221
India,2020-09-07,4280422,222
India,2020-09-08,4370128,223
India,2020-09-09,4465863,224
India,2020-09-10,4562414,225
India,2020-09-11,4659984,226
India,2020-09-12,4754356,227
India,2020-09-13,4846427,228
India,2020-09-14,4930236,229
India,2020-09-15,5020359,230
India,2020-09-16,5118253,231
India,2020-09-17,5214677,232
India,2020-09-18,5308014,233
India,2020-09-19,5400619,234
India,2020-09-20,5487580,235
India,2020-09-21,5562663,236
India,2020-09-22,5646010,237
India,2020-09-23,5732518,238
India,2020-09-24,5818570,239
India,2020-09-25,5903932,240
India,2020-09-26,5992532,241
India,2020-09-27,6074702,242
India,2020-09-28,6145291,243
India,2020-09-29,6225763,244
India,2020-09-30,6312584,245
India,2020-10-01,6394068,246
India,2020-10-02,6473544,247
India,2020-10-03,6549373,248
India,2020-10-04,6623815,249
India,2020-10-05,6685082,250
India,2020-10-06,6757131,251
India,2020-10-07,6835655,252
India,2020-10-08,6906151,253
India,2020-10-09,6979423,254
India,2020-10-10,7053806,255
India,2020-10-11,7120538,256
India,2020-10-12,7175880,257
India,2020-10-13,7239389,258
India,2020-10-14,7307097,259
India,2020-10-15,7370468,260
India,2020-10-16,7432680,261
India,2020-10-17,7494551,262
India,2020-10-18,7550273,263
India,2020-10-19,7597063,264
India,2020-10-20,7651107,265
India,2020-10-21,7706946,266
India,2020-10-22,7761312,267
India,2020-10-23,7814682,268
India,2020-10-24,7864811,269
India,2020-10-25,7909959,270
India,2020-10-26,7946429,271
India,2020-10-27,7990322,272
India,2020-10-28,8040203,273
India,2020-10-29,8088851,274
India,2020-10-30,8137119,275
India,2020-10-31,8184082,276
India,2020-11-01,8229313,277
India,2020-11-02,8267623,278
India,2020-11-03,8313876,279
India,2020-11-04,8364086,280
India,2020-11-05,8411724,281
India,2020-11-06,8462080,282
India,2020-11-07,8507754,283
India,2020-11-08,8553657,284
India,2020-11-09,8591730,285
India,2020-11-10,8636011,286
India,2020-11-11,8683916,287
India,2020-11-12,8728795,288
India,2020-11-13,8773479,289
India,2020-11-14,8814579,290
India,2020-11-15,8845127,291
India,2020-11-16,8874290,292
India,2020-11-17,8912907,293
India,2020-11-18,8958483,294
India,2020-11-19,9004365,295
India,2020-11-20,9050597,296
India,2020-11-21,9095806,297
India,2020-11-22,9139865,298
India,2020-11-23,9177840,299
India,2020-11-24,9222216,300
India,2020-11-25,9266705,301
India,2020-11-26,9309787,302
India,2020-11-27,9351109,303
India,2020-11-28,9392919,304
India,2020-11-29,9431691,305
India,2020-11-30,9462809,306
India,2020-12-01,9499413,307
India,2020-12-02,9534964,308
India,2020-12-03,9571559,309
India,2020-12-04,9608211,310
India,2020-12-05,9644222,311
India,2020-12-06,9677203,312
India,2020-12-07,9703770,313
India,2020-12-08,9735850,314
India,2020-12-09,9767371,315
India,2020-12-10,9796744,316
India,2020-12-11,9826775,317
India,2020-12-12,9857029,318
India,2020-12-13,9884100,319
India,2020-12-14,9906165,320
India,2020-12-15,9932547,321
India,2020-12-16,9956557,322
India,2020-12-17,9979447,323
India,2020-12-18,10004599,324
India,2020-12-19,10031223,325
India,2020-12-20,10055560,326
India,2020-12-21,10075116,327
India,2020-12-22,10099066,328
India,2020-12-23,10123778,329
India,2020-12-24,10146845,330
India,2020-12-25,10169118,331
India,2020-12-26,10187850,332
India,2020-12-27,10207871,333
India,2020-12-28,10224303,334
India,2020-12-29,10244852,335
India,2020-12-30,10266674,336
India,2020-12-31,10266674,337
India,2021-01-01,10286709,338
India,2021-01-02,10323965,339
India,2021-01-03,10340469,340
India,2021-01-04,10356844,341
India,2021-01-05,10374932,342
India,2021-01-06,10395278,343
India,2021-01-07,10413417,344
India,2021-01-08,10413417,345
India,2021-01-09,10450284,346
India,2021-01-10,10466595,347
India,2021-01-11,10479179,348
India,2021-01-12,10495147,349
India,2021-01-13,10512093,350
India,2021-01-14,10527683,351
India,2021-01-15,10542841,352
India,2021-01-16,10557985,353
India,2021-01-17,10571773,354
India,2021-01-18,10581823,355
India,2021-01-19,10595639,356
India,2021-01-20,10610883,357
India,2021-01-21,10625428,358
India,2021-01-22,10639684,359
India,2021-01-23,10654533,360
India,2021-01-24,10667736,361
India,2021-01-25,10676838,362
India,2021-01-26,10689527,363
India,2021-01-27,10701193,364
India,2021-01-28,10720048,365
India,2021-01-29,10733130,366
India,2021-01-30,10746174,367
India,2021-01-31,10757610,368
India,2021-02-01,10766245,369
India,2021-02-02,10777284,370
India,2021-02-03,10790183,371
India,2021-02-04,10802591,372
India,2021-02-05,10814304,373
India,2021-02-06,10826363,374
India,2021-02-07,10838194,375
India,2021-02-08,10847304,376
India,2021-02-09,10858371,377
India,2021-02-10,10871294,378
India,2021-02-11,10880603,379
India,2021-02-12,10892746,380
India,2021-02-13,10904940,381
India,2021-02-14,10916589,382
India,2021-02-15,10925710,383
India,2021-02-16,10937320,384
India,2021-02-17,10950201,385
India,2021-02-18,10963394,386
India,2021-02-19,10977387,387
India,2021-02-20,10991651,388
India,2021-02-21,11005850,389
India,2021-02-22,11016434,390
India,2021-02-23,11030176,391
India,2021-02-24,11046914,392
India,2021-02-25,11063491,393
India,2021-02-26,11079979,394
India,2021-02-27,11096731,395
India,2021-02-28,11112241,396
India,2021-03-01,11124527,397
India,2021-03-02,11139516,398
India,2021-03-03,11156923,399
India,2021-03-04,11173761,400
India,2021-03-05,11192045,401
India,2021-03-06,11210799,402
India,2021-03-07,11229398,403
India,2021-03-08,11244786,404
India,2021-03-09,11262707,405
India,2021-03-10,11285561,406
India,2021-03-11,11308846,407
India,2021-03-12,11333728,408
India,2021-03-13,11359048,409
India,2021-03-14,11385339,410
India,2021-03-15,11409831,411
India,2021-03-16,11438734,412
India,2021-03-17,11474605,413
India,2021-03-18,11514331,414
India,2021-03-19,11555284,415
India,2021-03-20,11599130,416
India,2021-03-21,11646081,417
India,2021-03-22,11686796,418
India,2021-03-23,11734058,419
India,2021-03-24,11787534,420
India,2021-03-25,11846652,421
India,2021-03-26,11908910,422
India,2021-03-27,11971624,423
India,2021-03-28,12039644,424
India,2021-03-29,12095855,425
India,2021-03-30,12149335,426
India,2021-03-31,12221665,427
India,2021-04-01,12303131,428
India,2021-04-02,12392260,429
India,2021-04-03,12485509,430
India,2021-04-04,12589067,431
India,2021-04-05,12686049,432
India,2021-04-06,12801785,433
India,2021-04-07,12928574,434
India,2021-04-08,13060542,435
India,2021-04-09,13205926,436
India,2021-04-10,13358805,437
India,2021-04-11,13527717,438
India,2021-04-12,13689453,439
India,2021-04-13,13873825,440
India,2021-04-14,14074564,441
India,2021-04-15,14291917,442
India,2021-04-16,14526609,443
India,2021-04-17,14788003,444
India,2021-04-18,15061805,445
India,2021-04-19,15320972,446
India,2021-04-20,15616130,447
India,2021-04-21,15930774,448
India,2021-04-22,16263695,449
India,2021-04-23,16610481,450
India,2021-04-24,16960172,451
India,2021-04-25,17313163,452
India,2021-04-26,17636186,453
India,2021-04-27,17997113,454
India,2021-04-28,18376421,455
India,2021-04-29,18762976,456
India,2021-04-30,19164969,457
"United States",2020-01-22,1,1
"United States",2020-01-23,1,2
"United States",2020-01-24,2,3
"United States",2020-01-25,2,4
"United States",2020-01-26,5,5
"United States",2020-01-27,5,6
"United States",2020-01-28,5,7
"United States",2020-01-29,6,8
"United States",2020-01-30,6,9
"United States",2020-01-31,8,10
"United States",2020-02-01,8,11
"United States",2020-02-02,8,12
"United States",2020-02-03,11,13
"United States",2020-02-04,11,14
"United States",2020-02-05,11,15
"United States",2020-02-06,12,16
"United States",2020-02-07,12,17
"United States",2020-02-08,12,18
"United States",2020-02-09,12,19
"United States",2020-02-10,12,20
"United States",2020-02-11,13,21
"United States",2020-02-12,13,22
"United States",2020-02-13,14,23
"United States",2020-02-14,14,24
"United States",2020-02-15,14,25
"United States",2020-02-16,14,26
"United States",2020-02-17,14,27
"United States",2020-02-18,14,28
"United States",2020-02-19,14,29
"United States",2020-02-20,14,30
"United States",2020-02-21,16,31
"United States",2020-02-22,16,32
"United States",2020-02-23,16,33
"United States",2020-02-24,16,34
"United States",2020-02-25,16,35
"United States",2020-02-26,16,36
"United States",2020-02-27,17,37
"United States",2020-02-28,17,38
"United States",2020-02-29,25,39
"United States",2020-03-01,32,40
"United States",2020-03-02,55,41
"United States",2020-03-03,74,42
"United States",2020-03-04,107,43
"United States",2020-03-05,184,44
"United States",2020-03-06,237,45
"United States",2020-03-07,403,46
"United States",2020-03-08,519,47
"United States",2020-03-09,594,48
"United States",2020-03-10,782,49
"United States",2020-03-11,1147,50
"United States",2020-03-12,1586,51
"United States",2020-03-13,2219,52
"United States",2020-03-14,2978,53
"United States",2020-03-15,3212,54
"United States",2020-03-16,4679,55
"United States",2020-03-17,6512,56
"United States",2020-03-18,9169,57
"United States",2020-03-19,13663,58
"United States",2020-03-20,20030,59
"United States",2020-03-21,26025,60
"United States",2020-03-22,34898,61
"United States",2020-03-23,46136,62
"United States",2020-03-24,56755,63
"United States",2020-03-25,68837,64
"United States",2020-03-26,86693,65
"United States",2020-03-27,105383,66
"United States",2020-03-28,125013,67
"United States",2020-03-29,143912,68
"United States",2020-03-30,165987,69
"United States",2020-03-31,192301,70
"United States",2020-04-01,224560,71
"United States",2020-04-02,256792,72
"United States",2020-04-03,289087,73
"United States",2020-04-04,321477,74
"United States",2020-04-05,351354,75
"United States",2020-04-06,382747,76
"United States",2020-04-07,413516,77
"United States",2020-04-08,444731,78
"United States",2020-04-09,480667,79
"United States",2020-04-10,515081,80
"United States",2020-04-11,544183,81
"United States",2020-04-12,571440,82
"United States",2020-04-13,598380,83
"United States",2020-04-14,627205,84
"United States",2020-04-15,652611,85
"United States",2020-04-16,682626,86
"United States",2020-04-17,715656,87
"United States",2020-04-18,743588,88
"United States",2020-04-19,769684,89
"United States",2020-04-20,799512,90
"United States",2020-04-21,825429,91
"United States",2020-04-22,854288,92
"United States",2020-04-23,887858,93
"United States",2020-04-24,920185,94
"United States",2020-04-25,950581,95
"United States",2020-04-26,977082,96
"United States",2020-04-27,1000785,97
"United States",2020-04-28,1025362,98
"United States",2020-04-29,1051800,99
"United States",2020-04-30,1081020,100
"United States",2020-05-01,1115946,101
"United States",2020-05-02,1143296,102
"United States",2020-05-03,1167593,103
"United States",2020-05-04,1191678,104
"United States",2020-05-05,1216209,105
"United States",2020-05-06,1240769,106
"United States",2020-05-07,1268180,107
"United States",2020-05-08,1295019,108
"United States",2020-05-09,1320155,109
"United States",2020-05-10,1339022,110
"United States",2020-05-11,1358293,111
"United States",2020-05-12,1381241,112
"United States",2020-05-13,1401649,113
"United States",2020-05-14,1428467,114
"United States",2020-05-15,1453214,115
"United States",2020-05-16,1477373,116
"United States",2020-05-17,1495736,117
"United States",2020-05-18,1518126,118
"United States",2020-05-19,1539133,119
"United States",2020-05-20,1561830,120
"United States",2020-05-21,1587596,121
"United States",2020-05-22,1611253,122
"United States",2020-05-23,1632364,123
"United States",2020-05-24,1652431,124
"United States",2020-05-25,1671104,125
"United States",2020-05-26,1690754,126
"United States",2020-05-27,1709303,127
"United States",2020-05-28,1731625,128
"United States",2020-05-29,1756098,129
"United States",2020-05-30,1779731,130
"United States",2020-05-31,1798718,131
"United States",2020-06-01,1816154,132
"United States",2020-06-02,1837656,133
"United States",2020-06-03,1857511,134
"United States",2020-06-04,1879150,135
"United States",2020-06-05,1904550,136
"United States",2020-06-06,1925710,137
"United States",2020-06-07,1943626,138
"United States",2020-06-08,1961263,139
"United States",2020-06-09,1979647,140
"United States",2020-06-10,2000757,141
"United States",2020-06-11,2023890,142
"United States",2020-06-12,2048756,143
"United States",2020-06-13,2073964,144
"United States",2020-06-14,2092912,145
"United States",2020-06-15,2112731,146
"United States",2020-06-16,2136401,147
"United States",2020-06-17,2163465,148
"United States",2020-06-18,2191991,149
"United States",2020-06-19,2223553,150
"United States",2020-06-20,2255823,151
"United States",2020-06-21,2280971,152
"United States",2020-06-22,2313123,153
"United States",2020-06-23,2350198,154
"United States",2020-06-24,2386074,155
"United States",2020-06-25,2426391,156
"United States",2020-06-26,2472385,157
"United States",2020-06-27,2513731,158
"United States",2020-06-28,2554461,159
"United States",2020-06-29,2595744,160
"United States",2020-06-30,2642174,161
"United States",2020-07-01,2693993,162
"United States",2020-07-02,2750622,163
"United States",2020-07-03,2801983,164
"United States",2020-07-04,2847664,165
"United States",2020-07-05,2898432,166
"United States",2020-07-06,2941517,167
"United States",2020-07-07,3002171,168
"United States",2020-07-08,3062290,169
"United States",2020-07-09,3124786,170
"United States",2020-07-10,3192841,171
"United States",2020-07-11,3252874,172
"United States",2020-07-12,3311312,173
"United States",2020-07-13,3370208,174
"United States",2020-07-14,3438244,175
"United States",2020-07-15,3506364,176
"United States",2020-07-16,3582184,177
"United States",2020-07-17,3654445,178
"United States",2020-07-18,3716980,179
"United States",2020-07-19,3777456,180
"United States",2020-07-20,3839546,181
"United States",2020-07-21,3904066,182
"United States",2020-07-22,3974630,183
"United States",2020-07-23,4043070,184
"United States",2020-07-24,4116393,185
"United States",2020-07-25,4181308,186
"United States",2020-07-26,4236083,187
"United States",2020-07-27,4292934,188
"United States",2020-07-28,4359391,189
"United States",2020-07-29,4431244,190
"United States",2020-07-30,4498701,191
"United States",2020-07-31,4567420,192
"United States",2020-08-01,4623604,193
"United States",2020-08-02,4669149,194
"United States",2020-08-03,4714678,195
"United States",2020-08-04,4773479,196
"United States",2020-08-05,4827936,197
"United States",2020-08-06,4887293,198
"United States",2020-08-07,4946590,199
"United States",2020-08-08,5000709,200
"United States",2020-08-09,5046463,201
"United States",2020-08-10,5094087,202
"United States",2020-08-11,5142088,203
"United States",2020-08-12,5198137,204
"United States",2020-08-13,5249451,205
"United States",2020-08-14,5314791,206
"United States",2020-08-15,5361712,207
"United States",2020-08-16,5400904,208
"United States",2020-08-17,5437580,209
"United States",2020-08-18,5482614,210
"United States",2020-08-19,5529973,211
"United States",2020-08-20,5574013,212
"United States",2020-08-21,5622842,213
"United States",2020-08-22,5665887,214
"United States",2020-08-23,5700119,215
"United States",2020-08-24,5736641,216
"United States",2020-08-25,5777001,217
"United States",2020-08-26,5822167,218
"United States",2020-08-27,5867547,219
"United States",2020-08-28,5914395,220
"United States",2020-08-29,5957126,221
"United States",2020-08-30,5991507,222
"United States",2020-08-31,6026895,223
"United States",2020-09-01,6068759,224
"United States",2020-09-02,6109773,225
"United States",2020-09-03,6153983,226
"United States",2020-09-04,6204376,227
"United States",2020-09-05,6247464,228
"United States",2020-09-06,6278633,229
"United States",2020-09-07,6302200,230
"United States",2020-09-08,6329593,231
"United States",2020-09-09,6363650,232
"United States",2020-09-10,6399723,233
"United States",2020-09-11,6447501,234
"United States",2020-09-12,6488563,235
"United States",2020-09-13,6522914,236
"United States",2020-09-14,6557342,237
"United States",2020-09-15,6596849,238
"United States",2020-09-16,6635867,239
"United States",2020-09-17,6681004,240
"United States",2020-09-18,6730288,241
"United States",2020-09-19,6772447,242
"United States",2020-09-20,6810862,243
"United States",2020-09-21,6862834,244
"United States",2020-09-22,6902696,245
"United States",2020-09-23,6941758,246
"United States",2020-09-24,6988869,247
"United States",2020-09-25,7037151,248
"United States",2020-09-26,7081803,249
"United States",2020-09-27,7119311,250
"United States",2020-09-28,7152546,251
"United States",2020-09-29,7195994,252
"United States",2020-09-30,7235428,253
"United States",2020-10-01,7281081,254
"United States",2020-10-02,7336043,255
"United States",2020-10-03,7384578,256
"United States",2020-10-04,7420293,257
"United States",2020-10-05,7459742,258
"United States",2020-10-06,7504998,259
"United States",2020-10-07,7556060,260
"United States",2020-10-08,7614653,261
"United States",2020-10-09,7671034,262
"United States",2020-10-10,7725952,263
"United States",2020-10-11,7771893,264
"United States",2020-10-12,7813735,265
"United States",2020-10-13,7865983,266
"United States",2020-10-14,7925748,267
"United States",2020-10-15,7990636,268
"United States",2020-10-16,8059782,269
"United States",2020-10-17,8116518,270
"United States",2020-10-18,8165858,271
"United States",2020-10-19,8233610,272
"United States",2020-10-20,8295581,273
"United States",2020-10-21,8358864,274
"United States",2020-10-22,8435164,275
"United States",2020-10-23,8517113,276
"United States",2020-10-24,8599842,277
"United States",2020-10-25,8661982,278
"United States",2020-10-26,8729385,279
"United States",2020-10-27,8806228,280
"United States",2020-10-28,8885632,281
"United States",2020-10-29,8976684,282
"United States",2020-10-30,9075924,283
"United States",2020-10-31,9165619,284
"United States",2020-11-01,9270467,285
"United States",2020-11-02,9355775,286
"United States",2020-11-03,9482891,287
"United States",2020-11-04,9587499,288
"United States",2020-11-05,9716853,289
"United States",2020-11-06,9844858,290
"United States",2020-11-07,9972308,291
"United States",2020-11-08,10087380,292
"United States",2020-11-09,10207953,293
"United States",2020-11-10,10348449,294
"United States",2020-11-11,10495075,295
"United States",2020-11-12,10659914,296
"United States",2020-11-13,10840303,297
"United States",2020-11-14,11008064,298
"United States",2020-11-15,11144288,299
"United States",2020-11-16,11307233,300
"United States",2020-11-17,11471155,301
"United States",2020-11-18,11644332,302
"United States",2020-11-19,11835880,303
"United States",2020-11-20,12034177,304
"United States",2020-11-21,12213451,305
"United States",2020-11-22,12360235,306
"United States",2020-11-23,12534684,307
"United States",2020-11-24,12710198,308
"United States",2020-11-25,12893485,309
"United States",2020-11-26,13005807,310
"United States",2020-11-27,13213995,311
"United States",2020-11-28,13369528,312
"United States",2020-11-29,13509762,313
"United States",2020-11-30,13670332,314
"United States",2020-12-01,13858551,315
"United States",2020-12-02,14061108,316
"United States",2020-12-03,14284721,317
"United States",2020-12-04,14517506,318
"United States",2020-12-05,14733048,319
"United States",2020-12-06,14914060,320
"United States",2020-12-07,15108918,321
"United States",2020-12-08,15333410,322
"United States",2020-12-09,15555949,323
"United States",2020-12-10,15787464,324
"United States",2020-12-11,16027441,325
"United States",2020-12-12,16245026,326
"United States",2020-12-13,16432729,327
"United States",2020-12-14,16627550,328
"United States",2020-12-15,16836556,329
"United States",2020-12-16,17083256,330
"United States",2020-12-17,17322981,331
"United States",2020-12-18,17574950,332
"United States",2020-12-19,17766856,333
"United States",2020-12-20,17954675,334
"United States",2020-12-21,18153724,335
"United States",2020-12-22,18351735,336
"United States",2020-12-23,18581353,337
"United States",2020-12-24,18775557,338
"United States",2020-12-25,18873203,339
"United States",2020-12-26,19099491,340
"United States",2020-12-27,19255126,341
"United States",2020-12-28,19429760,342
"United States",2020-12-29,19630012,343
"United States",2020-12-30,19863696,344
"United States",2020-12-31,20099363,345
"United States",2021-01-01,20252991,346
"United States",2021-01-02,20553301,347
"United States",2021-01-03,20762047,348
"United States",2021-01-04,20946329,349
"United States",2021-01-05,21181440,350
"United States",2021-01-06,21436884,351
"United States",2021-01-07,21715174,352
"United States",2021-01-08,22010389,353
"United States",2021-01-09,22271084,354
"United States",2021-01-10,22484332,355
"United States",2021-01-11,22699326,356
"United States",2021-01-12,22926246,357
"United States",2021-01-13,23156608,358
"United States",2021-01-14,23392315,359
"United States",2021-01-15,23635046,360
"United States",2021-01-16,23836726,361
"United States",2021-01-17,24014508,362
"United States",2021-01-18,24157924,363
"United States",2021-01-19,24334630,364
"United States",2021-01-20,24517866,365
"United States",2021-01-21,24711684,366
"United States",2021-01-22,24902437,367
"United States",2021-01-23,25073050,368
"United States",2021-01-24,25204112,369
"United States",2021-01-25,25356081,370
"United States",2021-01-26,25503621,371
"United States",2021-01-27,25657566,372
"United States",2021-01-28,25826176,373
"United States",2021-01-29,25992744,374
"United States",2021-01-30,26135056,375
"United States",2021-01-31,26247053,376
"United States",2021-02-01,26382255,377
"United States",2021-02-02,26497588,378
"United States",2021-02-03,26619229,379
"United States",2021-02-04,26743204,380
"United States",2021-02-05,26877601,381
"United States",2021-02-06,26981588,382
"United States",2021-02-07,27071236,383
"United States",2021-02-08,27161551,384
"United States",2021-02-09,27257183,385
"United States",2021-02-10,27352360,386
"United States",2021-02-11,27458120,387
"United States",2021-02-12,27557758,388
"United States",2021-02-13,27644880,389
"United States",2021-02-14,27709901,390
"United States",2021-02-15,27764087,391
"United States",2021-02-16,27826806,392
"United States",2021-02-17,27896924,393
"United States",2021-02-18,27966848,394
"United States",2021-02-19,28046145,395
"United States",2021-02-20,28117670,396
"United States",2021-02-21,28174750,397
"United States",2021-02-22,28230970,398
"United States",2021-02-23,28303233,399
"United States",2021-02-24,28377965,400
"United States",2021-02-25,28455466,401
"United States",2021-02-26,28532812,402
"United States",2021-02-27,28597387,403
"United States",2021-02-28,28648744,404
"United States",2021-03-01,28706973,405
"United States",2021-03-02,28764033,406
"United States",2021-03-03,28831226,407
"United States",2021-03-04,28899277,408
"United States",2021-03-05,28965728,409
"United States",2021-03-06,29023931,410
"United States",2021-03-07,29064938,411
"United States",2021-03-08,29109974,412
"United States",2021-03-09,29167616,413
"United States",2021-03-10,29225536,414
"United States",2021-03-11,29288010,415
"United States",2021-03-12,29349533,416
"United States",2021-03-13,29402465,417
"United States",2021-03-14,29440686,418
"United States",2021-03-15,29497352,419
"United States",2021-03-16,29551309,420
"United States",2021-03-17,29610445,421
"United States",2021-03-18,29670983,422
"United States",2021-03-19,29732612,423
"United States",2021-03-20,29787986,424
"United States",2021-03-21,29821754,425
"United States",2021-03-22,29873347,426
"United States",2021-03-23,29926950,427
"United States",2021-03-24,30013910,428
"United States",2021-03-25,30081375,429
"United States",2021-03-26,30158696,430
"United States",2021-03-27,30221396,431
"United States",2021-03-28,30264493,432
"United States",2021-03-29,30333922,433
"United States",2021-03-30,30395171,434
"United States",2021-03-31,30462210,435
"United States",2021-04-01,30541255,436
"United States",2021-04-02,30611086,437
"United States",2021-04-03,30674153,438
"United States",2021-04-04,30709125,439
"United States",2021-04-05,30786804,440
"United States",2021-04-06,30847348,441
"United States",2021-04-07,30922386,442
"United States",2021-04-08,31002264,443
"United States",2021-04-09,31084962,444
"United States",2021-04-10,31151497,445
"United States",2021-04-11,31197877,446
"United States",2021-04-12,31268107,447
"United States",2021-04-13,31345985,448
"United States",2021-04-14,31421360,449
"United States",2021-04-15,31495649,450
"United States",2021-04-16,31575640,451
"United States",2021-04-17,31628013,452
"United States",2021-04-18,31670031,453
"United States",2021-04-19,31737964,454
"United States",2021-04-20,31799237,455
"United States",2021-04-21,31862094,456
"United States",2021-04-22,31929351,457
"United States",2021-04-23,31991750,458
"United States",2021-04-24,32045113,459
"United States",2021-04-25,32077178,460
"United States",2021-04-26,32124869,461
"United States",2021-04-27,32175725,462
"United States",2021-04-28,32230850,463
"United States",2021-04-29,32289049,464
"United States",2021-04-30,32346971,465
